year,round,circuitId,name,date,quali_date,sprint_date
2009,1,1,Australian Grand Prix,29-03-2009,,
2009,2,2,Malaysian Grand Prix,05-04-2009,,
2009,3,17,Chinese Grand Prix,19-04-2009,,
2009,4,3,Bahrain Grand Prix,26-04-2009,,
2009,5,4,Spanish Grand Prix,10-05-2009,,
2009,6,6,Monaco Grand Prix,24-05-2009,,
2009,7,5,Turkish Grand Prix,07-06-2009,,
2009,8,9,British Grand Prix,21-06-2009,,
2009,9,20,German Grand Prix,12-07-2009,,
2009,10,11,Hungarian Grand Prix,26-07-2009,,
2009,11,12,European Grand Prix,23-08-2009,,
2009,12,13,Belgian Grand Prix,30-08-2009,,
2009,13,14,Italian Grand Prix,13-09-2009,,
2009,14,15,Singapore Grand Prix,27-09-2009,,
2009,15,22,Japanese Grand Prix,04-10-2009,,
2009,16,18,Brazilian Grand Prix,18-10-2009,,
2009,17,24,Abu Dhabi Grand Prix,01-11-2009,,
2008,1,1,Australian Grand Prix,16-03-2008,,
2008,2,2,Malaysian Grand Prix,23-03-2008,,
2008,3,3,Bahrain Grand Prix,06-04-2008,,
2008,4,4,Spanish Grand Prix,27-04-2008,,
2008,5,5,Turkish Grand Prix,11-05-2008,,
2008,6,6,Monaco Grand Prix,25-05-2008,,
2008,7,7,Canadian Grand Prix,08-06-2008,,
2008,8,8,French Grand Prix,22-06-2008,,
2008,9,9,British Grand Prix,06-07-2008,,
2008,10,10,German Grand Prix,20-07-2008,,
2008,11,11,Hungarian Grand Prix,03-08-2008,,
2008,12,12,European Grand Prix,24-08-2008,,
2008,13,13,Belgian Grand Prix,07-09-2008,,
2008,14,14,Italian Grand Prix,14-09-2008,,
2008,15,15,Singapore Grand Prix,28-09-2008,,
2008,16,16,Japanese Grand Prix,12-10-2008,,
2008,17,17,Chinese Grand Prix,19-10-2008,,
2008,18,18,Brazilian Grand Prix,02-11-2008,,
2007,1,1,Australian Grand Prix,18-03-2007,,
2007,2,2,Malaysian Grand Prix,08-04-2007,,
2007,3,3,Bahrain Grand Prix,15-04-2007,,
2007,4,4,Spanish Grand Prix,13-05-2007,,
2007,5,6,Monaco Grand Prix,27-05-2007,,
2007,6,7,Canadian Grand Prix,10-06-2007,,
2007,7,19,United States Grand Prix,17-06-2007,,
2007,8,8,French Grand Prix,01-07-2007,,
2007,9,9,British Grand Prix,08-07-2007,,
2007,10,20,European Grand Prix,22-07-2007,,
2007,11,11,Hungarian Grand Prix,05-08-2007,,
2007,12,5,Turkish Grand Prix,26-08-2007,,
2007,13,14,Italian Grand Prix,09-09-2007,,
2007,14,13,Belgian Grand Prix,16-09-2007,,
2007,15,16,Japanese Grand Prix,30-09-2007,,
2007,16,17,Chinese Grand Prix,07-10-2007,,
2007,17,18,Brazilian Grand Prix,21-10-2007,,
2006,1,3,Bahrain Grand Prix,12-03-2006,,
2006,2,2,Malaysian Grand Prix,19-03-2006,,
2006,3,1,Australian Grand Prix,02-04-2006,,
2006,4,21,San Marino Grand Prix,23-04-2006,,
2006,5,20,European Grand Prix,07-05-2006,,
2006,6,4,Spanish Grand Prix,14-05-2006,,
2006,7,6,Monaco Grand Prix,28-05-2006,,
2006,8,9,British Grand Prix,11-06-2006,,
2006,9,7,Canadian Grand Prix,25-06-2006,,
2006,10,19,United States Grand Prix,02-07-2006,,
2006,11,8,French Grand Prix,16-07-2006,,
2006,12,10,German Grand Prix,30-07-2006,,
2006,13,11,Hungarian Grand Prix,06-08-2006,,
2006,14,5,Turkish Grand Prix,27-08-2006,,
2006,15,14,Italian Grand Prix,10-09-2006,,
2006,16,17,Chinese Grand Prix,01-10-2006,,
2006,17,22,Japanese Grand Prix,08-10-2006,,
2006,18,18,Brazilian Grand Prix,22-10-2006,,
2005,1,1,Australian Grand Prix,06-03-2005,,
2005,2,2,Malaysian Grand Prix,20-03-2005,,
2005,3,3,Bahrain Grand Prix,03-04-2005,,
2005,4,21,San Marino Grand Prix,24-04-2005,,
2005,5,4,Spanish Grand Prix,08-05-2005,,
2005,6,6,Monaco Grand Prix,22-05-2005,,
2005,7,20,European Grand Prix,29-05-2005,,
2005,8,7,Canadian Grand Prix,12-06-2005,,
2005,9,19,United States Grand Prix,19-06-2005,,
2005,10,8,French Grand Prix,03-07-2005,,
2005,11,9,British Grand Prix,10-07-2005,,
2005,12,10,German Grand Prix,24-07-2005,,
2005,13,11,Hungarian Grand Prix,31-07-2005,,
2005,14,5,Turkish Grand Prix,21-08-2005,,
2005,15,14,Italian Grand Prix,04-09-2005,,
2005,16,13,Belgian Grand Prix,11-09-2005,,
2005,17,18,Brazilian Grand Prix,25-09-2005,,
2005,18,22,Japanese Grand Prix,09-10-2005,,
2005,19,17,Chinese Grand Prix,16-10-2005,,
2004,1,1,Australian Grand Prix,07-03-2004,,
2004,2,2,Malaysian Grand Prix,21-03-2004,,
2004,3,3,Bahrain Grand Prix,04-04-2004,,
2004,4,21,San Marino Grand Prix,25-04-2004,,
2004,5,4,Spanish Grand Prix,09-05-2004,,
2004,6,6,Monaco Grand Prix,23-05-2004,,
2004,7,20,European Grand Prix,30-05-2004,,
2004,8,7,Canadian Grand Prix,13-06-2004,,
2004,9,19,United States Grand Prix,20-06-2004,,
2004,10,8,French Grand Prix,04-07-2004,,
2004,11,9,British Grand Prix,11-07-2004,,
2004,12,10,German Grand Prix,25-07-2004,,
2004,13,11,Hungarian Grand Prix,15-08-2004,,
2004,14,13,Belgian Grand Prix,29-08-2004,,
2004,15,14,Italian Grand Prix,12-09-2004,,
2004,16,17,Chinese Grand Prix,26-09-2004,,
2004,17,22,Japanese Grand Prix,10-10-2004,,
2004,18,18,Brazilian Grand Prix,24-10-2004,,
2003,1,1,Australian Grand Prix,09-03-2003,,
2003,2,2,Malaysian Grand Prix,23-03-2003,,
2003,3,18,Brazilian Grand Prix,06-04-2003,,
2003,4,21,San Marino Grand Prix,20-04-2003,,
2003,5,4,Spanish Grand Prix,04-05-2003,,
2003,6,70,Austrian Grand Prix,18-05-2003,,
2003,7,6,Monaco Grand Prix,01-06-2003,,
2003,8,7,Canadian Grand Prix,15-06-2003,,
2003,9,20,European Grand Prix,29-06-2003,,
2003,10,8,French Grand Prix,06-07-2003,,
2003,11,9,British Grand Prix,20-07-2003,,
2003,12,10,German Grand Prix,03-08-2003,,
2003,13,11,Hungarian Grand Prix,24-08-2003,,
2003,14,14,Italian Grand Prix,14-09-2003,,
2003,15,19,United States Grand Prix,28-09-2003,,
2003,16,22,Japanese Grand Prix,12-10-2003,,
2002,1,1,Australian Grand Prix,03-03-2002,,
2002,2,2,Malaysian Grand Prix,17-03-2002,,
2002,3,18,Brazilian Grand Prix,31-03-2002,,
2002,4,21,San Marino Grand Prix,14-04-2002,,
2002,5,4,Spanish Grand Prix,28-04-2002,,
2002,6,70,Austrian Grand Prix,12-05-2002,,
2002,7,6,Monaco Grand Prix,26-05-2002,,
2002,8,7,Canadian Grand Prix,09-06-2002,,
2002,9,20,European Grand Prix,23-06-2002,,
2002,10,9,British Grand Prix,07-07-2002,,
2002,11,8,French Grand Prix,21-07-2002,,
2002,12,10,German Grand Prix,28-07-2002,,
2002,13,11,Hungarian Grand Prix,18-08-2002,,
2002,14,13,Belgian Grand Prix,01-09-2002,,
2002,15,14,Italian Grand Prix,15-09-2002,,
2002,16,19,United States Grand Prix,29-09-2002,,
2002,17,22,Japanese Grand Prix,13-10-2002,,
2001,1,1,Australian Grand Prix,04-03-2001,,
2001,2,2,Malaysian Grand Prix,18-03-2001,,
2001,3,18,Brazilian Grand Prix,01-04-2001,,
2001,4,21,San Marino Grand Prix,15-04-2001,,
2001,5,4,Spanish Grand Prix,29-04-2001,,
2001,6,70,Austrian Grand Prix,13-05-2001,,
2001,7,6,Monaco Grand Prix,27-05-2001,,
2001,8,7,Canadian Grand Prix,10-06-2001,,
2001,9,20,European Grand Prix,24-06-2001,,
2001,10,8,French Grand Prix,01-07-2001,,
2001,11,9,British Grand Prix,15-07-2001,,
2001,12,10,German Grand Prix,29-07-2001,,
2001,13,11,Hungarian Grand Prix,19-08-2001,,
2001,14,13,Belgian Grand Prix,02-09-2001,,
2001,15,14,Italian Grand Prix,16-09-2001,,
2001,16,19,United States Grand Prix,30-09-2001,,
2001,17,22,Japanese Grand Prix,14-10-2001,,
2000,1,1,Australian Grand Prix,12-03-2000,,
2000,2,18,Brazilian Grand Prix,26-03-2000,,
2000,3,21,San Marino Grand Prix,09-04-2000,,
2000,4,9,British Grand Prix,23-04-2000,,
2000,5,4,Spanish Grand Prix,07-05-2000,,
2000,6,20,European Grand Prix,21-05-2000,,
2000,7,6,Monaco Grand Prix,04-06-2000,,
2000,8,7,Canadian Grand Prix,18-06-2000,,
2000,9,8,French Grand Prix,02-07-2000,,
2000,10,70,Austrian Grand Prix,16-07-2000,,
2000,11,10,German Grand Prix,30-07-2000,,
2000,12,11,Hungarian Grand Prix,13-08-2000,,
2000,13,13,Belgian Grand Prix,27-08-2000,,
2000,14,14,Italian Grand Prix,10-09-2000,,
2000,15,19,United States Grand Prix,24-09-2000,,
2000,16,22,Japanese Grand Prix,08-10-2000,,
2000,17,2,Malaysian Grand Prix,22-10-2000,,
1999,1,1,Australian Grand Prix,07-03-1999,,
1999,2,18,Brazilian Grand Prix,11-04-1999,,
1999,3,21,San Marino Grand Prix,02-05-1999,,
1999,4,6,Monaco Grand Prix,16-05-1999,,
1999,5,4,Spanish Grand Prix,30-05-1999,,
1999,6,7,Canadian Grand Prix,13-06-1999,,
1999,7,8,French Grand Prix,27-06-1999,,
1999,8,9,British Grand Prix,11-07-1999,,
1999,9,70,Austrian Grand Prix,25-07-1999,,
1999,10,10,German Grand Prix,01-08-1999,,
1999,11,11,Hungarian Grand Prix,15-08-1999,,
1999,12,13,Belgian Grand Prix,29-08-1999,,
1999,13,14,Italian Grand Prix,12-09-1999,,
1999,14,20,European Grand Prix,26-09-1999,,
1999,15,2,Malaysian Grand Prix,17-10-1999,,
1999,16,22,Japanese Grand Prix,31-10-1999,,
1998,1,1,Australian Grand Prix,08-03-1998,,
1998,2,18,Brazilian Grand Prix,29-03-1998,,
1998,3,25,Argentine Grand Prix,12-04-1998,,
1998,4,21,San Marino Grand Prix,26-04-1998,,
1998,5,4,Spanish Grand Prix,10-05-1998,,
1998,6,6,Monaco Grand Prix,24-05-1998,,
1998,7,7,Canadian Grand Prix,07-06-1998,,
1998,8,8,French Grand Prix,28-06-1998,,
1998,9,9,British Grand Prix,12-07-1998,,
1998,10,70,Austrian Grand Prix,26-07-1998,,
1998,11,10,German Grand Prix,02-08-1998,,
1998,12,11,Hungarian Grand Prix,16-08-1998,,
1998,13,13,Belgian Grand Prix,30-08-1998,,
1998,14,14,Italian Grand Prix,13-09-1998,,
1998,15,20,Luxembourg Grand Prix,27-09-1998,,
1998,16,22,Japanese Grand Prix,01-11-1998,,
1997,1,1,Australian Grand Prix,09-03-1997,,
1997,2,18,Brazilian Grand Prix,30-03-1997,,
1997,3,25,Argentine Grand Prix,13-04-1997,,
1997,4,21,San Marino Grand Prix,27-04-1997,,
1997,5,6,Monaco Grand Prix,11-05-1997,,
1997,6,4,Spanish Grand Prix,25-05-1997,,
1997,7,7,Canadian Grand Prix,15-06-1997,,
1997,8,8,French Grand Prix,29-06-1997,,
1997,9,9,British Grand Prix,13-07-1997,,
1997,10,10,German Grand Prix,27-07-1997,,
1997,11,11,Hungarian Grand Prix,10-08-1997,,
1997,12,13,Belgian Grand Prix,24-08-1997,,
1997,13,14,Italian Grand Prix,07-09-1997,,
1997,14,70,Austrian Grand Prix,21-09-1997,,
1997,15,20,Luxembourg Grand Prix,28-09-1997,,
1997,16,22,Japanese Grand Prix,12-10-1997,,
1997,17,26,European Grand Prix,26-10-1997,,
1996,1,1,Australian Grand Prix,10-03-1996,,
1996,2,18,Brazilian Grand Prix,31-03-1996,,
1996,3,25,Argentine Grand Prix,07-04-1996,,
1996,4,20,European Grand Prix,28-04-1996,,
1996,5,21,San Marino Grand Prix,05-05-1996,,
1996,6,6,Monaco Grand Prix,19-05-1996,,
1996,7,4,Spanish Grand Prix,02-06-1996,,
1996,8,7,Canadian Grand Prix,16-06-1996,,
1996,9,8,French Grand Prix,30-06-1996,,
1996,10,9,British Grand Prix,14-07-1996,,
1996,11,10,German Grand Prix,28-07-1996,,
1996,12,11,Hungarian Grand Prix,11-08-1996,,
1996,13,13,Belgian Grand Prix,25-08-1996,,
1996,14,14,Italian Grand Prix,08-09-1996,,
1996,15,27,Portuguese Grand Prix,22-09-1996,,
1996,16,22,Japanese Grand Prix,13-10-1996,,
1995,1,18,Brazilian Grand Prix,26-03-1995,,
1995,2,25,Argentine Grand Prix,09-04-1995,,
1995,3,21,San Marino Grand Prix,30-04-1995,,
1995,4,4,Spanish Grand Prix,14-05-1995,,
1995,5,6,Monaco Grand Prix,28-05-1995,,
1995,6,7,Canadian Grand Prix,11-06-1995,,
1995,7,8,French Grand Prix,02-07-1995,,
1995,8,9,British Grand Prix,16-07-1995,,
1995,9,10,German Grand Prix,30-07-1995,,
1995,10,11,Hungarian Grand Prix,13-08-1995,,
1995,11,13,Belgian Grand Prix,27-08-1995,,
1995,12,14,Italian Grand Prix,10-09-1995,,
1995,13,27,Portuguese Grand Prix,24-09-1995,,
1995,14,20,European Grand Prix,01-10-1995,,
1995,15,28,Pacific Grand Prix,22-10-1995,,
1995,16,22,Japanese Grand Prix,29-10-1995,,
1995,17,29,Australian Grand Prix,12-11-1995,,
1994,1,18,Brazilian Grand Prix,27-03-1994,,
1994,2,28,Pacific Grand Prix,17-04-1994,,
1994,3,21,San Marino Grand Prix,01-05-1994,,
1994,4,6,Monaco Grand Prix,15-05-1994,,
1994,5,4,Spanish Grand Prix,29-05-1994,,
1994,6,7,Canadian Grand Prix,12-06-1994,,
1994,7,8,French Grand Prix,03-07-1994,,
1994,8,9,British Grand Prix,10-07-1994,,
1994,9,10,German Grand Prix,31-07-1994,,
1994,10,11,Hungarian Grand Prix,14-08-1994,,
1994,11,13,Belgian Grand Prix,28-08-1994,,
1994,12,14,Italian Grand Prix,11-09-1994,,
1994,13,27,Portuguese Grand Prix,25-09-1994,,
1994,14,26,European Grand Prix,16-10-1994,,
1994,15,22,Japanese Grand Prix,06-11-1994,,
1994,16,29,Australian Grand Prix,13-11-1994,,
1993,1,30,South African Grand Prix,14-03-1993,,
1993,2,18,Brazilian Grand Prix,28-03-1993,,
1993,3,31,European Grand Prix,11-04-1993,,
1993,4,21,San Marino Grand Prix,25-04-1993,,
1993,5,4,Spanish Grand Prix,09-05-1993,,
1993,6,6,Monaco Grand Prix,23-05-1993,,
1993,7,7,Canadian Grand Prix,13-06-1993,,
1993,8,8,French Grand Prix,04-07-1993,,
1993,9,9,British Grand Prix,11-07-1993,,
1993,10,10,German Grand Prix,25-07-1993,,
1993,11,11,Hungarian Grand Prix,15-08-1993,,
1993,12,13,Belgian Grand Prix,29-08-1993,,
1993,13,14,Italian Grand Prix,12-09-1993,,
1993,14,27,Portuguese Grand Prix,26-09-1993,,
1993,15,22,Japanese Grand Prix,24-10-1993,,
1993,16,29,Australian Grand Prix,07-11-1993,,
1992,1,30,South African Grand Prix,01-03-1992,,
1992,2,32,Mexican Grand Prix,22-03-1992,,
1992,3,18,Brazilian Grand Prix,05-04-1992,,
1992,4,4,Spanish Grand Prix,03-05-1992,,
1992,5,21,San Marino Grand Prix,17-05-1992,,
1992,6,6,Monaco Grand Prix,31-05-1992,,
1992,7,7,Canadian Grand Prix,14-06-1992,,
1992,8,8,French Grand Prix,05-07-1992,,
1992,9,9,British Grand Prix,12-07-1992,,
1992,10,10,German Grand Prix,26-07-1992,,
1992,11,11,Hungarian Grand Prix,16-08-1992,,
1992,12,13,Belgian Grand Prix,30-08-1992,,
1992,13,14,Italian Grand Prix,13-09-1992,,
1992,14,27,Portuguese Grand Prix,27-09-1992,,
1992,15,22,Japanese Grand Prix,25-10-1992,,
1992,16,29,Australian Grand Prix,08-11-1992,,
1991,1,33,United States Grand Prix,10-03-1991,,
1991,2,18,Brazilian Grand Prix,24-03-1991,,
1991,3,21,San Marino Grand Prix,28-04-1991,,
1991,4,6,Monaco Grand Prix,12-05-1991,,
1991,5,7,Canadian Grand Prix,02-06-1991,,
1991,6,32,Mexican Grand Prix,16-06-1991,,
1991,7,8,French Grand Prix,07-07-1991,,
1991,8,9,British Grand Prix,14-07-1991,,
1991,9,10,German Grand Prix,28-07-1991,,
1991,10,11,Hungarian Grand Prix,11-08-1991,,
1991,11,13,Belgian Grand Prix,25-08-1991,,
1991,12,14,Italian Grand Prix,08-09-1991,,
1991,13,27,Portuguese Grand Prix,22-09-1991,,
1991,14,4,Spanish Grand Prix,29-09-1991,,
1991,15,22,Japanese Grand Prix,20-10-1991,,
1991,16,29,Australian Grand Prix,03-11-1991,,
1990,1,33,United States Grand Prix,11-03-1990,,
1990,2,18,Brazilian Grand Prix,25-03-1990,,
1990,3,21,San Marino Grand Prix,13-05-1990,,
1990,4,6,Monaco Grand Prix,27-05-1990,,
1990,5,7,Canadian Grand Prix,10-06-1990,,
1990,6,32,Mexican Grand Prix,24-06-1990,,
1990,7,34,French Grand Prix,08-07-1990,,
1990,8,9,British Grand Prix,15-07-1990,,
1990,9,10,German Grand Prix,29-07-1990,,
1990,10,11,Hungarian Grand Prix,12-08-1990,,
1990,11,13,Belgian Grand Prix,26-08-1990,,
1990,12,14,Italian Grand Prix,09-09-1990,,
1990,13,27,Portuguese Grand Prix,23-09-1990,,
1990,14,26,Spanish Grand Prix,30-09-1990,,
1990,15,22,Japanese Grand Prix,21-10-1990,,
1990,16,29,Australian Grand Prix,04-11-1990,,
2010,1,3,Bahrain Grand Prix,14-03-2010,,
2010,2,1,Australian Grand Prix,28-03-2010,,
2010,3,2,Malaysian Grand Prix,04-04-2010,,
2010,4,17,Chinese Grand Prix,18-04-2010,,
2010,5,4,Spanish Grand Prix,09-05-2010,,
2010,6,6,Monaco Grand Prix,16-05-2010,,
2010,7,5,Turkish Grand Prix,30-05-2010,,
2010,8,7,Canadian Grand Prix,13-06-2010,,
2010,9,12,European Grand Prix,27-06-2010,,
2010,10,9,British Grand Prix,11-07-2010,,
2010,11,10,German Grand Prix,25-07-2010,,
2010,12,11,Hungarian Grand Prix,01-08-2010,,
2010,13,13,Belgian Grand Prix,29-08-2010,,
2010,14,14,Italian Grand Prix,12-09-2010,,
2010,15,15,Singapore Grand Prix,26-09-2010,,
2010,16,22,Japanese Grand Prix,10-10-2010,,
2010,17,35,Korean Grand Prix,24-10-2010,,
2010,18,18,Brazilian Grand Prix,07-11-2010,,
2010,19,24,Abu Dhabi Grand Prix,14-11-2010,,
1989,1,36,Brazilian Grand Prix,26-03-1989,,
1989,2,21,San Marino Grand Prix,23-04-1989,,
1989,3,6,Monaco Grand Prix,07-05-1989,,
1989,4,32,Mexican Grand Prix,28-05-1989,,
1989,5,33,United States Grand Prix,04-06-1989,,
1989,6,7,Canadian Grand Prix,18-06-1989,,
1989,7,34,French Grand Prix,09-07-1989,,
1989,8,9,British Grand Prix,16-07-1989,,
1989,9,10,German Grand Prix,30-07-1989,,
1989,10,11,Hungarian Grand Prix,13-08-1989,,
1989,11,13,Belgian Grand Prix,27-08-1989,,
1989,12,14,Italian Grand Prix,10-09-1989,,
1989,13,27,Portuguese Grand Prix,24-09-1989,,
1989,14,26,Spanish Grand Prix,01-10-1989,,
1989,15,22,Japanese Grand Prix,22-10-1989,,
1989,16,29,Australian Grand Prix,05-11-1989,,
1988,1,36,Brazilian Grand Prix,03-04-1988,,
1988,2,21,San Marino Grand Prix,01-05-1988,,
1988,3,6,Monaco Grand Prix,15-05-1988,,
1988,4,32,Mexican Grand Prix,29-05-1988,,
1988,5,7,Canadian Grand Prix,12-06-1988,,
1988,6,37,Detroit Grand Prix,19-06-1988,,
1988,7,34,French Grand Prix,03-07-1988,,
1988,8,9,British Grand Prix,10-07-1988,,
1988,9,10,German Grand Prix,24-07-1988,,
1988,10,11,Hungarian Grand Prix,07-08-1988,,
1988,11,13,Belgian Grand Prix,28-08-1988,,
1988,12,14,Italian Grand Prix,11-09-1988,,
1988,13,27,Portuguese Grand Prix,25-09-1988,,
1988,14,26,Spanish Grand Prix,02-10-1988,,
1988,15,22,Japanese Grand Prix,30-10-1988,,
1988,16,29,Australian Grand Prix,13-11-1988,,
1987,1,36,Brazilian Grand Prix,12-04-1987,,
1987,2,21,San Marino Grand Prix,03-05-1987,,
1987,3,13,Belgian Grand Prix,17-05-1987,,
1987,4,6,Monaco Grand Prix,31-05-1987,,
1987,5,37,Detroit Grand Prix,21-06-1987,,
1987,6,34,French Grand Prix,05-07-1987,,
1987,7,9,British Grand Prix,12-07-1987,,
1987,8,10,German Grand Prix,26-07-1987,,
1987,9,11,Hungarian Grand Prix,09-08-1987,,
1987,10,70,Austrian Grand Prix,16-08-1987,,
1987,11,14,Italian Grand Prix,06-09-1987,,
1987,12,27,Portuguese Grand Prix,20-09-1987,,
1987,13,26,Spanish Grand Prix,27-09-1987,,
1987,14,32,Mexican Grand Prix,18-10-1987,,
1987,15,22,Japanese Grand Prix,01-11-1987,,
1987,16,29,Australian Grand Prix,15-11-1987,,
1986,1,36,Brazilian Grand Prix,23-03-1986,,
1986,2,26,Spanish Grand Prix,13-04-1986,,
1986,3,21,San Marino Grand Prix,27-04-1986,,
1986,4,6,Monaco Grand Prix,11-05-1986,,
1986,5,13,Belgian Grand Prix,25-05-1986,,
1986,6,7,Canadian Grand Prix,15-06-1986,,
1986,7,37,Detroit Grand Prix,22-06-1986,,
1986,8,34,French Grand Prix,06-07-1986,,
1986,9,38,British Grand Prix,13-07-1986,,
1986,10,10,German Grand Prix,27-07-1986,,
1986,11,11,Hungarian Grand Prix,10-08-1986,,
1986,12,70,Austrian Grand Prix,17-08-1986,,
1986,13,14,Italian Grand Prix,07-09-1986,,
1986,14,27,Portuguese Grand Prix,21-09-1986,,
1986,15,32,Mexican Grand Prix,12-10-1986,,
1986,16,29,Australian Grand Prix,26-10-1986,,
1985,1,36,Brazilian Grand Prix,07-04-1985,,
1985,2,27,Portuguese Grand Prix,21-04-1985,,
1985,3,21,San Marino Grand Prix,05-05-1985,,
1985,4,6,Monaco Grand Prix,19-05-1985,,
1985,5,7,Canadian Grand Prix,16-06-1985,,
1985,6,37,Detroit Grand Prix,23-06-1985,,
1985,7,34,French Grand Prix,07-07-1985,,
1985,8,9,British Grand Prix,21-07-1985,,
1985,9,20,German Grand Prix,04-08-1985,,
1985,10,70,Austrian Grand Prix,18-08-1985,,
1985,11,39,Dutch Grand Prix,25-08-1985,,
1985,12,14,Italian Grand Prix,08-09-1985,,
1985,13,13,Belgian Grand Prix,15-09-1985,,
1985,14,38,European Grand Prix,06-10-1985,,
1985,15,30,South African Grand Prix,19-10-1985,,
1985,16,29,Australian Grand Prix,03-11-1985,,
1984,1,36,Brazilian Grand Prix,25-03-1984,,
1984,2,30,South African Grand Prix,07-04-1984,,
1984,3,40,Belgian Grand Prix,29-04-1984,,
1984,4,21,San Marino Grand Prix,06-05-1984,,
1984,5,41,French Grand Prix,20-05-1984,,
1984,6,6,Monaco Grand Prix,03-06-1984,,
1984,7,7,Canadian Grand Prix,17-06-1984,,
1984,8,37,Detroit Grand Prix,24-06-1984,,
1984,9,42,Dallas Grand Prix,08-07-1984,,
1984,10,38,British Grand Prix,22-07-1984,,
1984,11,10,German Grand Prix,05-08-1984,,
1984,12,70,Austrian Grand Prix,19-08-1984,,
1984,13,39,Dutch Grand Prix,26-08-1984,,
1984,14,14,Italian Grand Prix,09-09-1984,,
1984,15,20,European Grand Prix,07-10-1984,,
1984,16,27,Portuguese Grand Prix,21-10-1984,,
1983,1,36,Brazilian Grand Prix,13-03-1983,,
1983,2,43,United States Grand Prix West,27-03-1983,,
1983,3,34,French Grand Prix,17-04-1983,,
1983,4,21,San Marino Grand Prix,01-05-1983,,
1983,5,6,Monaco Grand Prix,15-05-1983,,
1983,6,13,Belgian Grand Prix,22-05-1983,,
1983,7,37,Detroit Grand Prix,05-06-1983,,
1983,8,7,Canadian Grand Prix,12-06-1983,,
1983,9,9,British Grand Prix,16-07-1983,,
1983,10,10,German Grand Prix,07-08-1983,,
1983,11,70,Austrian Grand Prix,14-08-1983,,
1983,12,39,Dutch Grand Prix,28-08-1983,,
1983,13,14,Italian Grand Prix,11-09-1983,,
1983,14,38,European Grand Prix,25-09-1983,,
1983,15,30,South African Grand Prix,15-10-1983,,
1982,1,30,South African Grand Prix,23-01-1982,,
1982,2,36,Brazilian Grand Prix,21-03-1982,,
1982,3,43,United States Grand Prix West,04-04-1982,,
1982,4,21,San Marino Grand Prix,25-04-1982,,
1982,5,40,Belgian Grand Prix,09-05-1982,,
1982,6,6,Monaco Grand Prix,23-05-1982,,
1982,7,37,Detroit Grand Prix,06-06-1982,,
1982,8,7,Canadian Grand Prix,13-06-1982,,
1982,9,39,Dutch Grand Prix,03-07-1982,,
1982,10,38,British Grand Prix,18-07-1982,,
1982,11,34,French Grand Prix,25-07-1982,,
1982,12,10,German Grand Prix,08-08-1982,,
1982,13,70,Austrian Grand Prix,15-08-1982,,
1982,14,41,Swiss Grand Prix,29-08-1982,,
1982,15,14,Italian Grand Prix,12-09-1982,,
1982,16,44,Caesars Palace Grand Prix,25-09-1982,,
1981,1,43,United States Grand Prix West,15-03-1981,,
1981,2,36,Brazilian Grand Prix,29-03-1981,,
1981,3,25,Argentine Grand Prix,12-04-1981,,
1981,4,21,San Marino Grand Prix,03-05-1981,,
1981,5,40,Belgian Grand Prix,17-05-1981,,
1981,6,6,Monaco Grand Prix,31-05-1981,,
1981,7,45,Spanish Grand Prix,21-06-1981,,
1981,8,41,French Grand Prix,05-07-1981,,
1981,9,9,British Grand Prix,18-07-1981,,
1981,10,10,German Grand Prix,02-08-1981,,
1981,11,70,Austrian Grand Prix,16-08-1981,,
1981,12,39,Dutch Grand Prix,30-08-1981,,
1981,13,14,Italian Grand Prix,13-09-1981,,
1981,14,7,Canadian Grand Prix,27-09-1981,,
1981,15,44,Caesars Palace Grand Prix,17-10-1981,,
1980,1,25,Argentine Grand Prix,13-01-1980,,
1980,2,18,Brazilian Grand Prix,27-01-1980,,
1980,3,30,South African Grand Prix,01-03-1980,,
1980,4,43,United States Grand Prix West,30-03-1980,,
1980,5,40,Belgian Grand Prix,04-05-1980,,
1980,6,6,Monaco Grand Prix,18-05-1980,,
1980,7,34,French Grand Prix,29-06-1980,,
1980,8,38,British Grand Prix,13-07-1980,,
1980,9,10,German Grand Prix,10-08-1980,,
1980,10,70,Austrian Grand Prix,17-08-1980,,
1980,11,39,Dutch Grand Prix,31-08-1980,,
1980,12,21,Italian Grand Prix,14-09-1980,,
1980,13,7,Canadian Grand Prix,28-09-1980,,
1980,14,46,United States Grand Prix,05-10-1980,,
1979,1,25,Argentine Grand Prix,21-01-1979,,
1979,2,18,Brazilian Grand Prix,04-02-1979,,
1979,3,30,South African Grand Prix,03-03-1979,,
1979,4,43,United States Grand Prix West,08-04-1979,,
1979,5,45,Spanish Grand Prix,29-04-1979,,
1979,6,40,Belgian Grand Prix,13-05-1979,,
1979,7,6,Monaco Grand Prix,27-05-1979,,
1979,8,41,French Grand Prix,01-07-1979,,
1979,9,9,British Grand Prix,14-07-1979,,
1979,10,10,German Grand Prix,29-07-1979,,
1979,11,70,Austrian Grand Prix,12-08-1979,,
1979,12,39,Dutch Grand Prix,26-08-1979,,
1979,13,14,Italian Grand Prix,09-09-1979,,
1979,14,7,Canadian Grand Prix,30-09-1979,,
1979,15,46,United States Grand Prix,07-10-1979,,
1978,1,25,Argentine Grand Prix,15-01-1978,,
1978,2,36,Brazilian Grand Prix,29-01-1978,,
1978,3,30,South African Grand Prix,04-03-1978,,
1978,4,43,United States Grand Prix West,02-04-1978,,
1978,5,6,Monaco Grand Prix,07-05-1978,,
1978,6,40,Belgian Grand Prix,21-05-1978,,
1978,7,45,Spanish Grand Prix,04-06-1978,,
1978,8,47,Swedish Grand Prix,17-06-1978,,
1978,9,34,French Grand Prix,02-07-1978,,
1978,10,38,British Grand Prix,16-07-1978,,
1978,11,10,German Grand Prix,30-07-1978,,
1978,12,70,Austrian Grand Prix,13-08-1978,,
1978,13,39,Dutch Grand Prix,27-08-1978,,
1978,14,14,Italian Grand Prix,10-09-1978,,
1978,15,46,United States Grand Prix,01-10-1978,,
1978,16,7,Canadian Grand Prix,08-10-1978,,
1977,1,25,Argentine Grand Prix,09-01-1977,,
1977,2,18,Brazilian Grand Prix,23-01-1977,,
1977,3,30,South African Grand Prix,05-03-1977,,
1977,4,43,United States Grand Prix West,03-04-1977,,
1977,5,45,Spanish Grand Prix,08-05-1977,,
1977,6,6,Monaco Grand Prix,22-05-1977,,
1977,7,40,Belgian Grand Prix,05-06-1977,,
1977,8,47,Swedish Grand Prix,19-06-1977,,
1977,9,41,French Grand Prix,03-07-1977,,
1977,10,9,British Grand Prix,16-07-1977,,
1977,11,10,German Grand Prix,31-07-1977,,
1977,12,70,Austrian Grand Prix,14-08-1977,,
1977,13,39,Dutch Grand Prix,28-08-1977,,
1977,14,14,Italian Grand Prix,11-09-1977,,
1977,15,46,United States Grand Prix,02-10-1977,,
1977,16,48,Canadian Grand Prix,09-10-1977,,
1977,17,16,Japanese Grand Prix,23-10-1977,,
1976,1,18,Brazilian Grand Prix,25-01-1976,,
1976,2,30,South African Grand Prix,06-03-1976,,
1976,3,43,United States Grand Prix West,28-03-1976,,
1976,4,45,Spanish Grand Prix,02-05-1976,,
1976,5,40,Belgian Grand Prix,16-05-1976,,
1976,6,6,Monaco Grand Prix,30-05-1976,,
1976,7,47,Swedish Grand Prix,13-06-1976,,
1976,8,34,French Grand Prix,04-07-1976,,
1976,9,38,British Grand Prix,18-07-1976,,
1976,10,20,German Grand Prix,01-08-1976,,
1976,11,70,Austrian Grand Prix,15-08-1976,,
1976,12,39,Dutch Grand Prix,29-08-1976,,
1976,13,14,Italian Grand Prix,12-09-1976,,
1976,14,48,Canadian Grand Prix,03-10-1976,,
1976,15,46,United States Grand Prix,10-10-1976,,
1976,16,16,Japanese Grand Prix,24-10-1976,,
1975,1,25,Argentine Grand Prix,12-01-1975,,
1975,2,18,Brazilian Grand Prix,26-01-1975,,
1975,3,30,South African Grand Prix,01-03-1975,,
1975,4,49,Spanish Grand Prix,27-04-1975,,
1975,5,6,Monaco Grand Prix,11-05-1975,,
1975,6,40,Belgian Grand Prix,25-05-1975,,
1975,7,47,Swedish Grand Prix,08-06-1975,,
1975,8,39,Dutch Grand Prix,22-06-1975,,
1975,9,34,French Grand Prix,06-07-1975,,
1975,10,9,British Grand Prix,19-07-1975,,
1975,11,20,German Grand Prix,03-08-1975,,
1975,12,70,Austrian Grand Prix,17-08-1975,,
1975,13,14,Italian Grand Prix,07-09-1975,,
1975,14,46,United States Grand Prix,05-10-1975,,
1974,1,25,Argentine Grand Prix,13-01-1974,,
1974,2,18,Brazilian Grand Prix,27-01-1974,,
1974,3,30,South African Grand Prix,30-03-1974,,
1974,4,45,Spanish Grand Prix,28-04-1974,,
1974,5,50,Belgian Grand Prix,12-05-1974,,
1974,6,6,Monaco Grand Prix,26-05-1974,,
1974,7,47,Swedish Grand Prix,09-06-1974,,
1974,8,39,Dutch Grand Prix,23-06-1974,,
1974,9,41,French Grand Prix,07-07-1974,,
1974,10,38,British Grand Prix,20-07-1974,,
1974,11,20,German Grand Prix,04-08-1974,,
1974,12,70,Austrian Grand Prix,18-08-1974,,
1974,13,14,Italian Grand Prix,08-09-1974,,
1974,14,48,Canadian Grand Prix,22-09-1974,,
1974,15,46,United States Grand Prix,06-10-1974,,
1973,1,25,Argentine Grand Prix,28-01-1973,,
1973,2,18,Brazilian Grand Prix,11-02-1973,,
1973,3,30,South African Grand Prix,03-03-1973,,
1973,4,49,Spanish Grand Prix,29-04-1973,,
1973,5,40,Belgian Grand Prix,20-05-1973,,
1973,6,6,Monaco Grand Prix,03-06-1973,,
1973,7,47,Swedish Grand Prix,17-06-1973,,
1973,8,34,French Grand Prix,01-07-1973,,
1973,9,9,British Grand Prix,14-07-1973,,
1973,10,39,Dutch Grand Prix,29-07-1973,,
1973,11,20,German Grand Prix,05-08-1973,,
1973,12,70,Austrian Grand Prix,19-08-1973,,
1973,13,14,Italian Grand Prix,09-09-1973,,
1973,14,48,Canadian Grand Prix,23-09-1973,,
1973,15,46,United States Grand Prix,07-10-1973,,
1972,1,25,Argentine Grand Prix,23-01-1972,,
1972,2,30,South African Grand Prix,04-03-1972,,
1972,3,45,Spanish Grand Prix,01-05-1972,,
1972,4,6,Monaco Grand Prix,14-05-1972,,
1972,5,50,Belgian Grand Prix,04-06-1972,,
1972,6,51,French Grand Prix,02-07-1972,,
1972,7,38,British Grand Prix,15-07-1972,,
1972,8,20,German Grand Prix,30-07-1972,,
1972,9,70,Austrian Grand Prix,13-08-1972,,
1972,10,14,Italian Grand Prix,10-09-1972,,
1972,11,48,Canadian Grand Prix,24-09-1972,,
1972,12,46,United States Grand Prix,08-10-1972,,
1971,1,30,South African Grand Prix,06-03-1971,,
1971,2,49,Spanish Grand Prix,18-04-1971,,
1971,3,6,Monaco Grand Prix,23-05-1971,,
1971,4,39,Dutch Grand Prix,20-06-1971,,
1971,5,34,French Grand Prix,04-07-1971,,
1971,6,9,British Grand Prix,17-07-1971,,
1971,7,20,German Grand Prix,01-08-1971,,
1971,8,70,Austrian Grand Prix,15-08-1971,,
1971,9,14,Italian Grand Prix,05-09-1971,,
1971,10,48,Canadian Grand Prix,19-09-1971,,
1971,11,46,United States Grand Prix,03-10-1971,,
1970,1,30,South African Grand Prix,07-03-1970,,
1970,2,45,Spanish Grand Prix,19-04-1970,,
1970,3,6,Monaco Grand Prix,10-05-1970,,
1970,4,13,Belgian Grand Prix,07-06-1970,,
1970,5,39,Dutch Grand Prix,21-06-1970,,
1970,6,51,French Grand Prix,05-07-1970,,
1970,7,38,British Grand Prix,18-07-1970,,
1970,8,10,German Grand Prix,02-08-1970,,
1970,9,70,Austrian Grand Prix,16-08-1970,,
1970,10,14,Italian Grand Prix,06-09-1970,,
1970,11,52,Canadian Grand Prix,20-09-1970,,
1970,12,46,United States Grand Prix,04-10-1970,,
1970,13,32,Mexican Grand Prix,25-10-1970,,
1969,1,30,South African Grand Prix,01-03-1969,,
1969,2,49,Spanish Grand Prix,04-05-1969,,
1969,3,6,Monaco Grand Prix,18-05-1969,,
1969,4,39,Dutch Grand Prix,21-06-1969,,
1969,5,51,French Grand Prix,06-07-1969,,
1969,6,9,British Grand Prix,19-07-1969,,
1969,7,20,German Grand Prix,03-08-1969,,
1969,8,14,Italian Grand Prix,07-09-1969,,
1969,9,48,Canadian Grand Prix,20-09-1969,,
1969,10,46,United States Grand Prix,05-10-1969,,
1969,11,32,Mexican Grand Prix,19-10-1969,,
1968,1,30,South African Grand Prix,01-01-1968,,
1968,2,45,Spanish Grand Prix,12-05-1968,,
1968,3,6,Monaco Grand Prix,26-05-1968,,
1968,4,13,Belgian Grand Prix,09-06-1968,,
1968,5,39,Dutch Grand Prix,23-06-1968,,
1968,6,53,French Grand Prix,07-07-1968,,
1968,7,38,British Grand Prix,20-07-1968,,
1968,8,20,German Grand Prix,04-08-1968,,
1968,9,14,Italian Grand Prix,08-09-1968,,
1968,10,52,Canadian Grand Prix,22-09-1968,,
1968,11,46,United States Grand Prix,06-10-1968,,
1968,12,32,Mexican Grand Prix,03-11-1968,,
1967,1,30,South African Grand Prix,02-01-1967,,
1967,2,6,Monaco Grand Prix,07-05-1967,,
1967,3,39,Dutch Grand Prix,04-06-1967,,
1967,4,13,Belgian Grand Prix,18-06-1967,,
1967,5,54,French Grand Prix,02-07-1967,,
1967,6,9,British Grand Prix,15-07-1967,,
1967,7,20,German Grand Prix,06-08-1967,,
1967,8,48,Canadian Grand Prix,27-08-1967,,
1967,9,14,Italian Grand Prix,10-09-1967,,
1967,10,46,United States Grand Prix,01-10-1967,,
1967,11,32,Mexican Grand Prix,22-10-1967,,
1966,1,6,Monaco Grand Prix,22-05-1966,,
1966,2,13,Belgian Grand Prix,12-06-1966,,
1966,3,55,French Grand Prix,03-07-1966,,
1966,4,38,British Grand Prix,16-07-1966,,
1966,5,39,Dutch Grand Prix,24-07-1966,,
1966,6,20,German Grand Prix,07-08-1966,,
1966,7,14,Italian Grand Prix,04-09-1966,,
1966,8,46,United States Grand Prix,02-10-1966,,
1966,9,32,Mexican Grand Prix,23-10-1966,,
1965,1,56,South African Grand Prix,01-01-1965,,
1965,2,6,Monaco Grand Prix,30-05-1965,,
1965,3,13,Belgian Grand Prix,13-06-1965,,
1965,4,51,French Grand Prix,27-06-1965,,
1965,5,9,British Grand Prix,10-07-1965,,
1965,6,39,Dutch Grand Prix,18-07-1965,,
1965,7,20,German Grand Prix,01-08-1965,,
1965,8,14,Italian Grand Prix,12-09-1965,,
1965,9,46,United States Grand Prix,03-10-1965,,
1965,10,32,Mexican Grand Prix,24-10-1965,,
1964,1,6,Monaco Grand Prix,10-05-1964,,
1964,2,39,Dutch Grand Prix,24-05-1964,,
1964,3,13,Belgian Grand Prix,14-06-1964,,
1964,4,53,French Grand Prix,28-06-1964,,
1964,5,38,British Grand Prix,11-07-1964,,
1964,6,20,German Grand Prix,02-08-1964,,
1964,7,57,Austrian Grand Prix,23-08-1964,,
1964,8,14,Italian Grand Prix,06-09-1964,,
1964,9,46,United States Grand Prix,04-10-1964,,
1964,10,32,Mexican Grand Prix,25-10-1964,,
1963,1,6,Monaco Grand Prix,26-05-1963,,
1963,2,13,Belgian Grand Prix,09-06-1963,,
1963,3,39,Dutch Grand Prix,23-06-1963,,
1963,4,55,French Grand Prix,30-06-1963,,
1963,5,9,British Grand Prix,20-07-1963,,
1963,6,20,German Grand Prix,04-08-1963,,
1963,7,14,Italian Grand Prix,08-09-1963,,
1963,8,46,United States Grand Prix,06-10-1963,,
1963,9,32,Mexican Grand Prix,27-10-1963,,
1963,10,56,South African Grand Prix,28-12-1963,,
1962,1,39,Dutch Grand Prix,20-05-1962,,
1962,2,6,Monaco Grand Prix,03-06-1962,,
1962,3,13,Belgian Grand Prix,17-06-1962,,
1962,4,53,French Grand Prix,08-07-1962,,
1962,5,58,British Grand Prix,21-07-1962,,
1962,6,20,German Grand Prix,05-08-1962,,
1962,7,14,Italian Grand Prix,16-09-1962,,
1962,8,46,United States Grand Prix,07-10-1962,,
1962,9,56,South African Grand Prix,29-12-1962,,
1961,1,6,Monaco Grand Prix,14-05-1961,,
1961,2,39,Dutch Grand Prix,22-05-1961,,
1961,3,13,Belgian Grand Prix,18-06-1961,,
1961,4,55,French Grand Prix,02-07-1961,,
1961,5,58,British Grand Prix,15-07-1961,,
1961,6,20,German Grand Prix,06-08-1961,,
1961,7,14,Italian Grand Prix,10-09-1961,,
1961,8,46,United States Grand Prix,08-10-1961,,
1960,1,25,Argentine Grand Prix,07-02-1960,,
1960,2,6,Monaco Grand Prix,29-05-1960,,
1960,3,19,Indianapolis 500,30-05-1960,,
1960,4,39,Dutch Grand Prix,06-06-1960,,
1960,5,13,Belgian Grand Prix,19-06-1960,,
1960,6,55,French Grand Prix,03-07-1960,,
1960,7,9,British Grand Prix,16-07-1960,,
1960,8,59,Portuguese Grand Prix,14-08-1960,,
1960,9,14,Italian Grand Prix,04-09-1960,,
1960,10,60,United States Grand Prix,20-11-1960,,
1959,1,6,Monaco Grand Prix,10-05-1959,,
1959,2,19,Indianapolis 500,30-05-1959,,
1959,3,39,Dutch Grand Prix,31-05-1959,,
1959,4,55,French Grand Prix,05-07-1959,,
1959,5,58,British Grand Prix,18-07-1959,,
1959,6,61,German Grand Prix,02-08-1959,,
1959,7,62,Portuguese Grand Prix,23-08-1959,,
1959,8,14,Italian Grand Prix,13-09-1959,,
1959,9,63,United States Grand Prix,12-12-1959,,
1958,1,25,Argentine Grand Prix,19-01-1958,,
1958,2,6,Monaco Grand Prix,18-05-1958,,
1958,3,39,Dutch Grand Prix,26-05-1958,,
1958,4,19,Indianapolis 500,30-05-1958,,
1958,5,13,Belgian Grand Prix,15-06-1958,,
1958,6,55,French Grand Prix,06-07-1958,,
1958,7,9,British Grand Prix,19-07-1958,,
1958,8,20,German Grand Prix,03-08-1958,,
1958,9,59,Portuguese Grand Prix,24-08-1958,,
1958,10,14,Italian Grand Prix,07-09-1958,,
1958,11,64,Moroccan Grand Prix,19-10-1958,,
1957,1,25,Argentine Grand Prix,13-01-1957,,
1957,2,6,Monaco Grand Prix,19-05-1957,,
1957,3,19,Indianapolis 500,30-05-1957,,
1957,4,53,French Grand Prix,07-07-1957,,
1957,5,58,British Grand Prix,20-07-1957,,
1957,6,20,German Grand Prix,04-08-1957,,
1957,7,65,Pescara Grand Prix,18-08-1957,,
1957,8,14,Italian Grand Prix,08-09-1957,,
1956,1,25,Argentine Grand Prix,22-01-1956,,
1956,2,6,Monaco Grand Prix,13-05-1956,,
1956,3,19,Indianapolis 500,30-05-1956,,
1956,4,13,Belgian Grand Prix,03-06-1956,,
1956,5,55,French Grand Prix,01-07-1956,,
1956,6,9,British Grand Prix,14-07-1956,,
1956,7,20,German Grand Prix,05-08-1956,,
1956,8,14,Italian Grand Prix,02-09-1956,,
1955,1,25,Argentine Grand Prix,16-01-1955,,
1955,2,6,Monaco Grand Prix,22-05-1955,,
1955,3,19,Indianapolis 500,30-05-1955,,
1955,4,13,Belgian Grand Prix,05-06-1955,,
1955,5,39,Dutch Grand Prix,19-06-1955,,
1955,6,58,British Grand Prix,16-07-1955,,
1955,7,14,Italian Grand Prix,11-09-1955,,
1954,1,25,Argentine Grand Prix,17-01-1954,,
1954,2,19,Indianapolis 500,31-05-1954,,
1954,3,13,Belgian Grand Prix,20-06-1954,,
1954,4,55,French Grand Prix,04-07-1954,,
1954,5,9,British Grand Prix,17-07-1954,,
1954,6,20,German Grand Prix,01-08-1954,,
1954,7,66,Swiss Grand Prix,22-08-1954,,
1954,8,14,Italian Grand Prix,05-09-1954,,
1954,9,67,Spanish Grand Prix,24-10-1954,,
1953,1,25,Argentine Grand Prix,18-01-1953,,
1953,2,19,Indianapolis 500,30-05-1953,,
1953,3,39,Dutch Grand Prix,07-06-1953,,
1953,4,13,Belgian Grand Prix,21-06-1953,,
1953,5,55,French Grand Prix,05-07-1953,,
1953,6,9,British Grand Prix,18-07-1953,,
1953,7,20,German Grand Prix,02-08-1953,,
1953,8,66,Swiss Grand Prix,23-08-1953,,
1953,9,14,Italian Grand Prix,13-09-1953,,
1952,1,66,Swiss Grand Prix,18-05-1952,,
1952,2,19,Indianapolis 500,30-05-1952,,
1952,3,13,Belgian Grand Prix,22-06-1952,,
1952,4,53,French Grand Prix,06-07-1952,,
1952,5,9,British Grand Prix,19-07-1952,,
1952,6,20,German Grand Prix,03-08-1952,,
1952,7,39,Dutch Grand Prix,17-08-1952,,
1952,8,14,Italian Grand Prix,07-09-1952,,
1951,1,66,Swiss Grand Prix,27-05-1951,,
1951,2,19,Indianapolis 500,30-05-1951,,
1951,3,13,Belgian Grand Prix,17-06-1951,,
1951,4,55,French Grand Prix,01-07-1951,,
1951,5,9,British Grand Prix,14-07-1951,,
1951,6,20,German Grand Prix,29-07-1951,,
1951,7,14,Italian Grand Prix,16-09-1951,,
1951,8,67,Spanish Grand Prix,28-10-1951,,
1950,1,9,British Grand Prix,13-05-1950,,
1950,2,6,Monaco Grand Prix,21-05-1950,,
1950,3,19,Indianapolis 500,30-05-1950,,
1950,4,66,Swiss Grand Prix,04-06-1950,,
1950,5,13,Belgian Grand Prix,18-06-1950,,
1950,6,55,French Grand Prix,02-07-1950,,
1950,7,14,Italian Grand Prix,03-09-1950,,
2011,1,1,Australian Grand Prix,27-03-2011,,
2011,2,2,Malaysian Grand Prix,10-04-2011,,
2011,3,17,Chinese Grand Prix,17-04-2011,,
2011,4,5,Turkish Grand Prix,08-05-2011,,
2011,5,4,Spanish Grand Prix,22-05-2011,,
2011,6,6,Monaco Grand Prix,29-05-2011,,
2011,7,7,Canadian Grand Prix,12-06-2011,,
2011,8,12,European Grand Prix,26-06-2011,,
2011,9,9,British Grand Prix,10-07-2011,,
2011,10,20,German Grand Prix,24-07-2011,,
2011,11,11,Hungarian Grand Prix,31-07-2011,,
2011,12,13,Belgian Grand Prix,28-08-2011,,
2011,13,14,Italian Grand Prix,11-09-2011,,
2011,14,15,Singapore Grand Prix,25-09-2011,,
2011,15,22,Japanese Grand Prix,09-10-2011,,
2011,16,35,Korean Grand Prix,16-10-2011,,
2011,17,68,Indian Grand Prix,30-10-2011,,
2011,18,24,Abu Dhabi Grand Prix,13-11-2011,,
2011,19,18,Brazilian Grand Prix,27-11-2011,,
2012,1,1,Australian Grand Prix,18-03-2012,,
2012,2,2,Malaysian Grand Prix,25-03-2012,,
2012,3,17,Chinese Grand Prix,15-04-2012,,
2012,4,3,Bahrain Grand Prix,22-04-2012,,
2012,5,4,Spanish Grand Prix,13-05-2012,,
2012,6,6,Monaco Grand Prix,27-05-2012,,
2012,7,7,Canadian Grand Prix,10-06-2012,,
2012,8,12,European Grand Prix,24-06-2012,,
2012,9,9,British Grand Prix,08-07-2012,,
2012,10,10,German Grand Prix,22-07-2012,,
2012,11,11,Hungarian Grand Prix,29-07-2012,,
2012,12,13,Belgian Grand Prix,02-09-2012,,
2012,13,14,Italian Grand Prix,09-09-2012,,
2012,14,15,Singapore Grand Prix,23-09-2012,,
2012,15,22,Japanese Grand Prix,07-10-2012,,
2012,16,35,Korean Grand Prix,14-10-2012,,
2012,17,68,Indian Grand Prix,28-10-2012,,
2012,18,24,Abu Dhabi Grand Prix,04-11-2012,,
2012,19,69,United States Grand Prix,18-11-2012,,
2012,20,18,Brazilian Grand Prix,25-11-2012,,
2013,1,1,Australian Grand Prix,17-03-2013,,
2013,2,2,Malaysian Grand Prix,24-03-2013,,
2013,3,17,Chinese Grand Prix,14-04-2013,,
2013,4,3,Bahrain Grand Prix,21-04-2013,,
2013,5,4,Spanish Grand Prix,12-05-2013,,
2013,6,6,Monaco Grand Prix,26-05-2013,,
2013,7,7,Canadian Grand Prix,09-06-2013,,
2013,8,9,British Grand Prix,30-06-2013,,
2013,9,20,German Grand Prix,07-07-2013,,
2013,10,11,Hungarian Grand Prix,28-07-2013,,
2013,11,13,Belgian Grand Prix,25-08-2013,,
2013,12,14,Italian Grand Prix,08-09-2013,,
2013,13,15,Singapore Grand Prix,22-09-2013,,
2013,14,35,Korean Grand Prix,06-10-2013,,
2013,15,22,Japanese Grand Prix,13-10-2013,,
2013,16,68,Indian Grand Prix,27-10-2013,,
2013,17,24,Abu Dhabi Grand Prix,03-11-2013,,
2013,18,69,United States Grand Prix,17-11-2013,,
2013,19,18,Brazilian Grand Prix,24-11-2013,,
2014,1,1,Australian Grand Prix,16-03-2014,,
2014,2,2,Malaysian Grand Prix,30-03-2014,,
2014,3,3,Bahrain Grand Prix,06-04-2014,,
2014,4,17,Chinese Grand Prix,20-04-2014,,
2014,5,4,Spanish Grand Prix,11-05-2014,,
2014,6,6,Monaco Grand Prix,25-05-2014,,
2014,7,7,Canadian Grand Prix,08-06-2014,,
2014,8,70,Austrian Grand Prix,22-06-2014,,
2014,9,9,British Grand Prix,06-07-2014,,
2014,10,10,German Grand Prix,20-07-2014,,
2014,11,11,Hungarian Grand Prix,27-07-2014,,
2014,12,13,Belgian Grand Prix,24-08-2014,,
2014,13,14,Italian Grand Prix,07-09-2014,,
2014,14,15,Singapore Grand Prix,21-09-2014,,
2014,15,22,Japanese Grand Prix,05-10-2014,,
2014,16,71,Russian Grand Prix,12-10-2014,,
2014,17,69,United States Grand Prix,02-11-2014,,
2014,18,18,Brazilian Grand Prix,09-11-2014,,
2014,19,24,Abu Dhabi Grand Prix,23-11-2014,,
2015,6,6,Monaco Grand Prix,24-05-2015,,
2015,7,7,Canadian Grand Prix,07-06-2015,,
2015,4,3,Bahrain Grand Prix,19-04-2015,,
2015,5,4,Spanish Grand Prix,10-05-2015,,
2015,3,17,Chinese Grand Prix,12-04-2015,,
2015,1,1,Australian Grand Prix,15-03-2015,,
2015,2,2,Malaysian Grand Prix,29-03-2015,,
2015,8,70,Austrian Grand Prix,21-06-2015,,
2015,9,9,British Grand Prix,05-07-2015,,
2015,10,11,Hungarian Grand Prix,26-07-2015,,
2015,11,13,Belgian Grand Prix,23-08-2015,,
2015,12,14,Italian Grand Prix,06-09-2015,,
2015,13,15,Singapore Grand Prix,20-09-2015,,
2015,14,22,Japanese Grand Prix,27-09-2015,,
2015,15,71,Russian Grand Prix,11-10-2015,,
2015,16,69,United States Grand Prix,25-10-2015,,
2015,17,32,Mexican Grand Prix,01-11-2015,,
2015,18,18,Brazilian Grand Prix,15-11-2015,,
2015,19,24,Abu Dhabi Grand Prix,29-11-2015,,
2016,1,1,Australian Grand Prix,20-03-2016,,
2016,2,3,Bahrain Grand Prix,03-04-2016,,
2016,3,17,Chinese Grand Prix,17-04-2016,,
2016,4,71,Russian Grand Prix,01-05-2016,,
2016,5,4,Spanish Grand Prix,15-05-2016,,
2016,6,6,Monaco Grand Prix,29-05-2016,,
2016,7,7,Canadian Grand Prix,12-06-2016,,
2016,8,73,European Grand Prix,19-06-2016,,
2016,9,70,Austrian Grand Prix,03-07-2016,,
2016,10,9,British Grand Prix,10-07-2016,,
2016,11,11,Hungarian Grand Prix,24-07-2016,,
2016,12,10,German Grand Prix,31-07-2016,,
2016,13,13,Belgian Grand Prix,28-08-2016,,
2016,14,14,Italian Grand Prix,04-09-2016,,
2016,15,15,Singapore Grand Prix,18-09-2016,,
2016,16,2,Malaysian Grand Prix,02-10-2016,,
2016,17,22,Japanese Grand Prix,09-10-2016,,
2016,18,69,United States Grand Prix,23-10-2016,,
2016,19,32,Mexican Grand Prix,30-10-2016,,
2016,20,18,Brazilian Grand Prix,13-11-2016,,
2016,21,24,Abu Dhabi Grand Prix,27-11-2016,,
2017,1,1,Australian Grand Prix,26-03-2017,,
2017,2,17,Chinese Grand Prix,09-04-2017,,
2017,3,3,Bahrain Grand Prix,16-04-2017,,
2017,4,71,Russian Grand Prix,30-04-2017,,
2017,5,4,Spanish Grand Prix,14-05-2017,,
2017,6,6,Monaco Grand Prix,28-05-2017,,
2017,7,7,Canadian Grand Prix,11-06-2017,,
2017,8,73,Azerbaijan Grand Prix,25-06-2017,,
2017,9,70,Austrian Grand Prix,09-07-2017,,
2017,10,9,British Grand Prix,16-07-2017,,
2017,11,11,Hungarian Grand Prix,30-07-2017,,
2017,12,13,Belgian Grand Prix,27-08-2017,,
2017,13,14,Italian Grand Prix,03-09-2017,,
2017,14,15,Singapore Grand Prix,17-09-2017,,
2017,15,2,Malaysian Grand Prix,01-10-2017,,
2017,16,22,Japanese Grand Prix,08-10-2017,,
2017,17,69,United States Grand Prix,22-10-2017,,
2017,18,32,Mexican Grand Prix,29-10-2017,,
2017,19,18,Brazilian Grand Prix,12-11-2017,,
2017,20,24,Abu Dhabi Grand Prix,26-11-2017,,
2018,1,1,Australian Grand Prix,25-03-2018,,
2018,2,3,Bahrain Grand Prix,08-04-2018,,
2018,3,17,Chinese Grand Prix,15-04-2018,,
2018,4,73,Azerbaijan Grand Prix,29-04-2018,,
2018,5,4,Spanish Grand Prix,13-05-2018,,
2018,6,6,Monaco Grand Prix,27-05-2018,,
2018,7,7,Canadian Grand Prix,10-06-2018,,
2018,8,34,French Grand Prix,24-06-2018,,
2018,9,70,Austrian Grand Prix,01-07-2018,,
2018,10,9,British Grand Prix,08-07-2018,,
2018,11,10,German Grand Prix,22-07-2018,,
2018,12,11,Hungarian Grand Prix,29-07-2018,,
2018,13,13,Belgian Grand Prix,26-08-2018,,
2018,14,14,Italian Grand Prix,02-09-2018,,
2018,15,15,Singapore Grand Prix,16-09-2018,,
2018,16,71,Russian Grand Prix,30-09-2018,,
2018,17,22,Japanese Grand Prix,07-10-2018,,
2018,18,69,United States Grand Prix,21-10-2018,,
2018,19,32,Mexican Grand Prix,28-10-2018,,
2018,20,18,Brazilian Grand Prix,11-11-2018,,
2018,21,24,Abu Dhabi Grand Prix,25-11-2018,,
2019,1,1,Australian Grand Prix,17-03-2019,,
2019,2,3,Bahrain Grand Prix,31-03-2019,,
2019,3,17,Chinese Grand Prix,14-04-2019,,
2019,4,73,Azerbaijan Grand Prix,28-04-2019,,
2019,5,4,Spanish Grand Prix,12-05-2019,,
2019,6,6,Monaco Grand Prix,26-05-2019,,
2019,7,7,Canadian Grand Prix,09-06-2019,,
2019,8,34,French Grand Prix,23-06-2019,,
2019,9,70,Austrian Grand Prix,30-06-2019,,
2019,10,9,British Grand Prix,14-07-2019,,
2019,11,10,German Grand Prix,28-07-2019,,
2019,12,11,Hungarian Grand Prix,04-08-2019,,
2019,13,13,Belgian Grand Prix,01-09-2019,,
2019,14,14,Italian Grand Prix,08-09-2019,,
2019,15,15,Singapore Grand Prix,22-09-2019,,
2019,16,71,Russian Grand Prix,29-09-2019,,
2019,17,22,Japanese Grand Prix,13-10-2019,,
2019,18,32,Mexican Grand Prix,27-10-2019,,
2019,19,69,United States Grand Prix,03-11-2019,,
2019,20,18,Brazilian Grand Prix,17-11-2019,,
2019,21,24,Abu Dhabi Grand Prix,01-12-2019,,
2020,1,70,Austrian Grand Prix,05-07-2020,,
2020,2,70,Styrian Grand Prix,12-07-2020,,
2020,3,11,Hungarian Grand Prix,19-07-2020,,
2020,4,9,British Grand Prix,02-08-2020,,
2020,5,9,70th Anniversary Grand Prix,09-08-2020,,
2020,6,4,Spanish Grand Prix,16-08-2020,,
2020,7,13,Belgian Grand Prix,30-08-2020,,
2020,8,14,Italian Grand Prix,06-09-2020,,
2020,9,76,Tuscan Grand Prix,13-09-2020,,
2020,10,71,Russian Grand Prix,27-09-2020,,
2020,11,20,Eifel Grand Prix,11-10-2020,,
2020,12,75,Portuguese Grand Prix,25-10-2020,,
2020,13,21,Emilia Romagna Grand Prix,01-11-2020,,
2020,14,5,Turkish Grand Prix,15-11-2020,,
2020,15,3,Bahrain Grand Prix,29-11-2020,,
2020,16,3,Sakhir Grand Prix,06-12-2020,,
2020,17,24,Abu Dhabi Grand Prix,13-12-2020,,
2021,2,21,Emilia Romagna Grand Prix,18-04-2021,17-04-2021,
2022,1,3,Bahrain Grand Prix,20-03-2022,19-03-2022,
2021,1,3,Bahrain Grand Prix,28-03-2021,27-03-2021,
2021,20,78,Qatar Grand Prix,21-11-2021,20-11-2021,
2021,3,75,Portuguese Grand Prix,02-05-2021,01-05-2021,
2021,4,4,Spanish Grand Prix,09-05-2021,08-05-2021,
2021,5,6,Monaco Grand Prix,23-05-2021,22-05-2021,
2021,6,73,Azerbaijan Grand Prix,06-06-2021,05-06-2021,
2021,8,70,Styrian Grand Prix,27-06-2021,26-06-2021,
2021,7,34,French Grand Prix,20-06-2021,19-06-2021,
2021,9,70,Austrian Grand Prix,04-07-2021,03-07-2021,
2021,10,9,British Grand Prix,18-07-2021,16-07-2021,17-07-2021
2021,11,11,Hungarian Grand Prix,01-08-2021,31-07-2021,
2021,12,13,Belgian Grand Prix,29-08-2021,28-08-2021,
2021,13,39,Dutch Grand Prix,05-09-2021,04-09-2021,
2021,14,14,Italian Grand Prix,12-09-2021,10-09-2021,11-09-2021
2021,15,71,Russian Grand Prix,26-09-2021,25-09-2021,
2021,16,5,Turkish Grand Prix,10-10-2021,09-10-2021,
2021,17,69,United States Grand Prix,24-10-2021,23-10-2021,
2021,18,32,Mexico City Grand Prix,07-11-2021,06-11-2021,
2021,19,18,S達o Paulo Grand Prix,14-11-2021,12-11-2021,13-11-2021
2021,21,77,Saudi Arabian Grand Prix,05-12-2021,04-12-2021,
2021,22,24,Abu Dhabi Grand Prix,12-12-2021,11-12-2021,
2022,2,77,Saudi Arabian Grand Prix,27-03-2022,26-03-2022,
2022,3,1,Australian Grand Prix,10-04-2022,09-04-2022,
2022,4,21,Emilia Romagna Grand Prix,24-04-2022,22-04-2022,23-04-2022
2022,5,79,Miami Grand Prix,08-05-2022,07-05-2022,
2022,6,4,Spanish Grand Prix,22-05-2022,21-05-2022,
2022,7,6,Monaco Grand Prix,29-05-2022,28-05-2022,
2022,8,73,Azerbaijan Grand Prix,12-06-2022,11-06-2022,
2022,9,7,Canadian Grand Prix,19-06-2022,18-06-2022,
2022,10,9,British Grand Prix,03-07-2022,02-07-2022,
2022,11,70,Austrian Grand Prix,10-07-2022,08-07-2022,09-07-2022
2022,12,34,French Grand Prix,24-07-2022,23-07-2022,
2022,13,11,Hungarian Grand Prix,31-07-2022,30-07-2022,
2022,14,13,Belgian Grand Prix,28-08-2022,27-08-2022,
2022,15,39,Dutch Grand Prix,04-09-2022,03-09-2022,
2022,16,14,Italian Grand Prix,11-09-2022,10-09-2022,
2022,17,15,Singapore Grand Prix,02-10-2022,01-10-2022,
2022,18,22,Japanese Grand Prix,09-10-2022,08-10-2022,
2022,19,69,United States Grand Prix,23-10-2022,22-10-2022,
2022,20,32,Mexico City Grand Prix,30-10-2022,29-10-2022,
2022,21,18,S達o Paulo Grand Prix,13-11-2022,11-11-2022,12-11-2022
2022,22,24,Abu Dhabi Grand Prix,20-11-2022,19-11-2022,
2023,1,3,Bahrain Grand Prix,05-03-2023,04-03-2023,
2023,2,77,Saudi Arabian Grand Prix,19-03-2023,18-03-2023,
2023,3,1,Australian Grand Prix,02-04-2023,01-04-2023,
2023,4,73,Azerbaijan Grand Prix,30-04-2023,28-04-2023,29-04-2023
2023,5,79,Miami Grand Prix,07-05-2023,06-05-2023,
2023,6,6,Monaco Grand Prix,28-05-2023,27-05-2023,
2023,7,4,Spanish Grand Prix,04-06-2023,03-06-2023,
2023,8,7,Canadian Grand Prix,18-06-2023,17-06-2023,
2023,9,70,Austrian Grand Prix,02-07-2023,30-06-2023,01-07-2023
2023,10,9,British Grand Prix,09-07-2023,08-07-2023,
2023,11,11,Hungarian Grand Prix,23-07-2023,22-07-2023,
2023,12,13,Belgian Grand Prix,30-07-2023,28-07-2023,29-07-2023
2023,13,39,Dutch Grand Prix,27-08-2023,26-08-2023,
2023,14,14,Italian Grand Prix,03-09-2023,02-09-2023,
2023,15,15,Singapore Grand Prix,17-09-2023,16-09-2023,
2023,16,22,Japanese Grand Prix,24-09-2023,23-09-2023,
2023,17,78,Qatar Grand Prix,08-10-2023,06-10-2023,07-10-2023
2023,18,69,United States Grand Prix,22-10-2023,20-10-2023,21-10-2023
2023,19,32,Mexico City Grand Prix,29-10-2023,28-10-2023,
2023,20,18,S達o Paulo Grand Prix,05-11-2023,03-11-2023,04-11-2023
2023,21,80,Las Vegas Grand Prix,19-11-2023,17-11-2023,
2023,22,24,Abu Dhabi Grand Prix,26-11-2023,25-11-2023,
2024,1,3,Bahrain Grand Prix,02-03-2024,01-03-2024,
2024,2,77,Saudi Arabian Grand Prix,09-03-2024,08-03-2024,
2024,3,1,Australian Grand Prix,24-03-2024,23-03-2024,
2024,4,22,Japanese Grand Prix,07-04-2024,06-04-2024,
2024,5,17,Chinese Grand Prix,21-04-2024,20-04-2024,20-04-2024
2024,6,79,Miami Grand Prix,05-05-2024,04-05-2024,04-05-2024
2024,7,21,Emilia Romagna Grand Prix,19-05-2024,18-05-2024,
2024,8,6,Monaco Grand Prix,26-05-2024,25-05-2024,
2024,9,7,Canadian Grand Prix,09-06-2024,08-06-2024,
2024,10,4,Spanish Grand Prix,23-06-2024,22-06-2024,
2024,11,70,Austrian Grand Prix,30-06-2024,29-06-2024,29-06-2024
2024,12,9,British Grand Prix,07-07-2024,06-07-2024,
2024,13,11,Hungarian Grand Prix,21-07-2024,20-07-2024,
2024,14,13,Belgian Grand Prix,28-07-2024,27-07-2024,
2024,15,39,Dutch Grand Prix,25-08-2024,24-08-2024,
2024,16,14,Italian Grand Prix,01-09-2024,31-08-2024,
2024,17,73,Azerbaijan Grand Prix,15-09-2024,14-09-2024,
2024,18,15,Singapore Grand Prix,22-09-2024,21-09-2024,
2024,19,69,United States Grand Prix,20-10-2024,19-10-2024,19-10-2024
2024,20,32,Mexico City Grand Prix,27-10-2024,26-10-2024,
2024,21,18,S達o Paulo Grand Prix,03-11-2024,02-11-2024,02-11-2024
2024,22,80,Las Vegas Grand Prix,23-11-2024,22-11-2024,
2024,23,78,Qatar Grand Prix,01-12-2024,30-11-2024,30-11-2024
2024,24,24,Abu Dhabi Grand Prix,08-12-2024,07-12-2024,
